display_name,title,subscribers,public_description,subscribers,over18
solarus,Solarus,8,Solarus engine official subreddit,8,False
Tomrobinsonisapedo,He is a pedo,1,Tom Robinson is a pedo,1,False
LocalShags,Local Shags at I NeedAShag,3,"Sharing pictures of horny slappers, dirty slags and posh sluts who are in need of a good shagging.",3,False
Ryan4President,TIM RYAN FOR PRESIDENT,0,TIM RYAN FOR PRESIDENT,0,False
nsmcrypto,New Scalability Movement; Cryptocurrency,1,New Scalability Movement,1,False
thefutur,Subreddit for The Futur,472,"Welcome to the Futur! The Futur of what? The Futur of education, design, business, learning... The Futur You! This is the future of online education for creative entrepreneurs.",472,False
DarkSideYams,Sith Yams: Rulers of the Force,22,Yams trained in the ways of the Sith,22,False
Rottweil,Alles rund um die älteste Stadt Baden-Württembergs,1,"Alles über die älteste Stadt Baden-Württembergs

Anything about Rottweil, a small german town known only for the dogs named after it (and being 2000 years old)",1,False
PlayfulLucky,The Playful World of Lucky!,2,"Super Lucky’s Tale is a delightful, playground platformer for all ages that follows Lucky, the ever-optimistic and lovable hero, on his quest to find his inner strength and help his beloved sister rescue the Book of Ages from the nefarious Jinx. Jinx is the scheming and mysterious villain trying to reshape the world, but for what reason?",2,False
BrunetteMania,BrunetteMania,55,,55,True
VerticalPhotoshopTuts,"Photoshop: Tutorials, Tips and Help ",2,"If you're a YouTube creator, designer or a beginner to Photoshop then this is the community page for you. Here we share ideas on different projects, help others with tutorials and guide videos. Join the subreddit if you like Photoshop or discussions and topics on Photoshop. ",2,False
ThisShitIsBanannas,ThisShitIsBanannas,1,"a place to share anything that is Bananas, no one is banned here except for Gwen, she knows what she did.",1,False
ourstitch,"OurStit.ch, clothing with a conscious",1,"This is a subreddit for the discussion of the ethical t-shirt company, OurStit.ch",1,False
wholesomeprogramming,Wholesome Programs ,166,Wholesome Programs ,166,False
t8kereviews,t8ke::reviews,111,The complete spirits reviews archive by /u/t8ke.,111,False
GoodPoems,CollectionofPoems,3,"This subreddit created for collection of poems in English, Hindi, Marathi",3,False
drawingpromts,drawingpromts,1,Drawingpromts - A place for ideas and sharing,1,False
yachtfanclub,Yacht's Sailing Team,2,Fan club for the greatest boat of all time.,2,False
eddited,r/eddited - a subreddit theme.,75,"A clean, powerful subreddit theme. Minimizes clutter, focuses on content.",75,False
RepWatch,Replica Watch Discussion,3961,"Welcome to r/RepWatch! Here we discuss replica timepieces. Feel free to post questions, photos, reviews etc.",3961,False
HakanHellstrom,The only subreddit exclusively dedicated to Swedish performer and artist Håkan Hellström,5,The only subreddit exclusively dedicated to Swedish performer and artist Håkan Hellström,5,False
saveandforget,saveandforget,1,,1,False
pigments,Pigments,1,Everything pigments! ,1,False
wholesomensfwchat,wholesomensfwchat,0,I have no use for this sub. Please PM u/cascer1 if you want to have it.,0,False
SignOff,Sign Off,2,,2,False
PlanetCoasterCC,Custom Content for Planet Coaster,4,"A place for custom, user-created content for Planet Coaster's video and image billboards, signs and more!",4,False
Whatthetheme,test,0,nothing,0,False
Me_uda,Me_UDA,6,,6,False
cigarette69,join the club,1,TO BE FILLED IN LATER,1,False
SavetheDugong,SavetheDugong,15,Talk about saving the Dugong and other endangered species. Any post about animals will be generally tolerated even if the animal isn't endangered.,15,False
sporlocasi,Spor Locası,1,Futboldışı hareketleri vücut çalımıyla ekranınıza getiren linkler,1,False
MetroTwitch,Metro,2,Twitch.tv/Metro,2,False
AButtonChallenge,A hub for the Super Mario 64 ABC community.,2,,2,False
OpenBugs,Open Mindedness,4,"This subreddit's purpose is to celebrate [socialism](https://en.wikipedia.org/wiki/Socialism) and empower those politicians who are brave enough to fight for us. We celebrate and welcome open mindedness, kindness, and willingness to accept everyone that returns those notions.",4,False
CelticsFreeAgency,Boston Celtics NBA Free Agency ,2,All the latest on what the Celtics are doing in NBA Free Agency.,2,False
Dynastie_Eglantine,Dynastie des Eglantines,0,"Les Eglantines sont l'élite des araignées, elles capturent les ennemis de la nation en échange de la sécurité et d'une place dans un foyer.",0,False
DestinyReactionGifs,DestinyReactionGifs,23,The sub for all your *Destiny* Reaction Gif needs.,23,False
findumb,FinnancialDomination,2,"Cuckhold. No sex envolved. Just pay money for doing money.

Like The Spoony One.",2,False
SendMeSomeAwfulMusic,"Find Me Some Crappy Music, Don't Care What Genre, Just Whatever You Hate.",2,"Anything, pop, metal, hip-hop, rap, jazz, vaporwave e.g.",2,False
MildlyPoisoning,Mildly Poisoning,1,,1,False
KORETrader,Koretrader,4,,4,False
TightropeMediaSystems,TightropeMediaSystems,8,Community engagement for customers of Tightrope Media System products & services.,8,False
Eelfish,Eels,6,,6,False
Codota,Codota,1,,1,False
LionsAreCatsToo,Lions are just really big cats.,3,"Images, GIFs, and videos of lions and other wildcats acting like house cats.",3,False
TIFUInGTA,Today I fucked up in GTA,2,"Share your GTA TIFU's here!



",2,False
Ideas4U,Do you have an idea that might change the world?,1,"A place to write down all you're ideas no matter how complex, what their about, just anything that you think is outside the box & might inspire the world!",1,False
EDMPlaylists,EDM Playlists,4,Posts all of your favorite playlists from around the web.,4,False
LowFloatin,Low Float Collectors,1,Trade and Discussion of Low Float Items in CS:GO,1,False
Flyp,Flyp!,4,A subreddit for the indie comic Flyp!,4,False
SerpClix,Get paid $0.05-$0.15 for clicking and viewing an advertiser's website.,2,SerpClix is a new and young (1 year +) paid-to-click website that is proven to be legitimate. Get paid $0.05-$0.15 for clicking and viewing an advertiser's website.,2,False
TeenJesus,Netflix Original,3,,3,False
Copyright_Free_Music,Empire Sounds,69,Empire Sounds is your place for great copyright free music.  Please subscribe to our YouTube channel at -  https://www.youtube.com/c/EmpireSoundsNoCopyrightMusic,69,False
expectedgimli,Expected Gimli,78,"A subreddit for linking to comment quoting Gimli's legendary ""And My Axe!"" statement from The Lord of the Rings: The Fellowship of the Ring (2001)",78,False
bustycrustacean,Busty crustacean,9,"A subreddit for jokes in the form of: 

What's the difference between an old bus stop and a crab with breast implants? 

One's a crusty bus station and the other's a busty crustacean.",9,False
gtab_cruises,GTAB,4,,4,False
justveganthings,Things that vegans do,6,A subreddit about what vegans do.,6,False
splitsies,Multi-user account sharing made simple.,1,"Loners rejoice, this subreddit was created with you in mind; /r/splitsies is a community dedicated to simplifying the acts of joining and sharing multi-user accounts.

Tldrrifsaiasl; we help/are account commies.

The ~~stupid~~ genius abbreviation above stands for ""too long, didn't read; reading is for squares and I am super lazy"".",1,False
electronews,Electronic Music News,1,Electronic Music News,1,False
WoRSe_tHaN_003R,W0RS3 TH4N OOER,1,"̪̘͈̮̱̖̺̗̰͙͔̃̍͊̉͜R̶̿̄̅͋ͨ̊͒̄ͬ͗͛̆̔ͭͤ͜҉̹̻̜̰́Y̷ͫ͂̃ͦ͗̆̊̎ͯ͗̉̿͆͛͊ͣ̇ͬ͏̵̡͚͈͎̼̣͉̘̖̹͎J̵̡̦̱̰̤͔͔͚́̈́̂̏ͪ͑̍ͮ̈́̚̚͘͟
̸̲͎͈̰͔̥̤̝͎͓̮̝̂̈͆ͩ͋̓͌͗͌̐ͭ̀R̶̪͉̠̅̐̆̃̊̾͘͞G̢̲̦̠͇͕̥͉ͫ̾̇̈̑̉̀ͯͣͬ̇ͮ̄͆̌̀ͅT̖̦̪͊̅̃́̃̕͡͞ͅR̳̟̼̳̙̱̘͓ͯ̎ͣͧͧ͡Hͬͬ̃ͫ̑̃̈͗͛ͫ͆͛̓҉̢̩͔͚͖͕̕͝͡ͅŤ̵̡̧̛̳̺̪͓͚̻̰̞͓̜͈̱͎̻̥̪͂̏̉̌ͤ̈̈ͪͤ́̾ͪ͆́́ͧT̶̤̩̟͍̔ͩ͆̓̊̏́̈́̈́ͭͯ̓͆͟͝͠T̷̥͚͓̺̖̝̳̦̥̥̍͗̒ͪ̇̚T͍͕͚̤̗͎̹͕̰͗͒̎͐̏̅̅̋ͮ͑̋̋͗́ͬ͘͜͝ͅ",1,False
tilwords,Today I Learned Words,1,"Any interesting words found on Reddit, and their meaning",1,False
YanYan,YanYan!,1,,1,False
DudeTensDeVerIsto,Dude tens de ver isto!!!,9,Stuff that is important to share with the Dude!,9,False
nullpixel,null,1,,1,False
LittleBitchTrump,LittleBitchTrump,2,"To point out all the times Trump has acted like a little bitch by being sexist, bigoted, a bully, thrown tantrums, and acted very unpresidented.",2,False
highporn,the best photos of the most beautiful buds,208,"You know that feeling. Almost sensual. The look, smell, touch, taste of a beautiful bud. ",208,False
StealthPoo,Videos of people trying to stealthly leave a poo somewhere not in a toilet,26,Oh boy. Here we go. ,26,True
Gumpertonusisms,Songs inspired by our favorite person,0,Post your best gumpertonusism,0,False
Test123456789789,Test,1,"This is one of reddits, that u can should make all words and test how the reddit works. If u are pro on it, u can end. If u Starting the reddit, u coming to right place! U can submit the Pictures Or Text and see how that works. U can use all. Like * ! 

                    SEE U ON THE COMMENTS!!",1,False
ExtremeJailbreak,Extreme Jailbreak IL EJIL,1,קהילה ישראלית לשרתים משחק בטיאף,1,False
theborb,borb,1,borb,1,False
theminion,The one true god.,3,A subreddit about the only god there is.,3,False
asoifh,WP Tag Machine Review,0,WP Tag Machine Review,0,False
MapleLegends,MapleLegends,62,Low rate Maplestory private server.,62,False
nevotest,Extreme Jailbreak IL,1,קהילה ישראלית לשרתים משחק בטיאף,1,False
Gixen,"Gixen, the free eBay sniping service!",3,"Gixen, the free eBay sniping service!",3,False
SocialistMedia,SocialistMedia,0,,0,False
inauguralposts,The posts that started it all.,1,,1,False
ICTman1076,ICTman1076 on YouTube,1,"I'M A NARCISSISTIC YOUTUBER THAT MADE HIS OWN SUBREDDIT AND I'M USING THE EXCUSE ""RESERVING THE NAME"" HAHAAH",1,False
teachingintaiwan,About teaching English in Taiwan,4,,4,False
conservemyview,Conserve My View,4,"This subreddit is under construction.

Basically it's like /r/changemyview, but responses should affirm OPs point of view, not counter it.",4,False
JacqOfAllThrowaways,JacqOfAllThrowaways,4,"reserved for JacqOfAllThrowaways

Is that you? You can request ownership [here](https://www.reddit.com/message/compose?to=%2Fr%2Fgonewild).",4,True
AgainstHighSchoolers,AgainstHighSchoolers,1,AgainstHighSchoolers,1,False
FantasyWorldbuilding,Welcome to FantasyWorldBuilding! Where Creators of All Kinds Are Welcome,4212,"The FantasyWorldBuilding subreddit is dedicated to the practice of WorldBuilding. All types of WorldBuilding are welcome, whether they be fantasy, sci-fi, or something in between! Feel free to share maps, lore, art, writing, and partake in character discussions! Join our Discord to be able to gain access to a lively and welcoming community of other WorldBuilders from all across the globe! 
",4212,False
OutOfContextDnD,Out Of Context DnD,363,"Ever say something in a roleplaying game and thought ""huh, better not say this in real life...""

",363,False
yofina,yofina,1,yofina,1,False
mystupidfriendben,mystupidfriendben,4,,4,False
Hundar,Hundar,2,,2,False
Defendersoftheearth,Defenders Of The Earth,2,,2,False
TheMagik,The Magik,2,"A blog for all entrepreneurs and business owners. A magical place to read, learn and participate. 
Learn about social media tactics, business psychology, online blogging, business marketing, and much more. ",2,False
dateariane,Date Ariane (and SITA),140,"Discussion about Date Ariane and SITA (Something's In the Air).
",140,False
pineappledad,Pineapple Dad,13,,13,False
PolWiki,Pol Convention for Wiki Re-Write,1,,1,False
KojiLC,Welcome to the garden of Eden,5,"Koji fuk ur bitch
Koji got an itch
Koji gonna switch 
Koji always rich",5,False
qazaqeli,Qazaq Eli,0,,0,False
5tat,A community for 5tat fans,1,,1,False
Infinedia,Infinidea Website,1,"Infinedia is a new website, I Dream to Make it one of most known websites in the future, That's all what I can say. 
Dream is big but not impossible",1,False
LondonSchoolofEcon,Edit later,2,Edit later,2,False
CerealFiction,Cereal Fiction,1,"Cereal fiction! Serialised fiction, short and sweet, perfect to enjoy with your morning cereal!",1,False
MadMoms,MothersGoneWild,268,"Branched off of /r/madlads for moms only.
",268,False
OutrageAddiction,Discuss the Trend of Fashionable Outrage,1,,1,False
wheregaminghappens,WGH,1,"Wheregaminghappens is a new community aiming on developing insane guides, helping each other in beating any game very effectively.",1,False
northalabama,North Alabama,2,A subreddit for all things in North Alabama,2,False
PortugalvsChilelive,[Semi-Final]#..Portugal vs Chile Confederations Cup 2017 Live Free,2,"[Semi-Final]#..Portugal vs Chile Confederations Cup 2017 Live Free[Semi-Final]#..Portugal vs Chile Confederations Cup 2017 Live Free[Semi-Final]#..Portugal vs Chile Confederations Cup 2017 Live Free

Portugal,,vs,,Chile,,live,,stream,,details,,,TV,,channel,,,line-ups,,,odds,,and,,...

28,,mins,,ago,,-,,The,,two,,countries,,battle,,to,,qualify,,for,,the,,Moscow,,final,,against,,either,,Germany,,or,,Mexico.
LIVE,,Portugal,,-,,Chile,,-,,FIFA,,Confederations,,Cup,,-,,28,,June,,2017,,...",2,False
unexpectedcum,Unexpected Cum,17246,Women surprised by cumshots. ,17246,True
Randy_Bryce,Randy Bryce,2,"Randy Bryce, Paul Nehlen",2,False
remotedeveloperjobs,remote developer jobs,2,We remote coding from anywhere,2,False
anthemclans,Anthem Clans,2,A Spot for recruitment for the upcoming bioware game Anthem!,2,False
LivingInUruguay,Living In Uruguay,1,,1,False
Californias,California,7,like /r/California without the thought-police mods.,7,False
papertablets,Paper Tablets,1,Discussion on Digital Paper Tablets. (DPT's),1,False
ClothingSale,A place to list your clothes,1,A platform for sellers to list their clothing.,1,False
InTheLighting,In The Lighting,2,"Deep images accompanied by deep music. 

This was based off my old blog inthelighting.blogspot.com where I enjoyed posting many images with amazing lighting along with thoughtful, usually deep music. Each post you would hit play and look at the image. Each post title was words that touch on aspects of the images and music. ",2,False
ModeratorMains,ModeratorMains,1,ModeratorMains,1,False
BagpipesOfTheWorld,Bagpipes Of The World,3,"This Sub is dedicated to the many types of Bagpipes in the World.

If Uilleann Pipes, Great Highland Bagpipes, Border Pipes, Gaita Gallega, Djura Gajda, Cornemuse du Centre, Hümmelchen, Zampogna or any other of the numerous types of Bagpipes out there: This is their place!",3,False
testingcssnigga,urmum,1,ddd,1,False
Chan_Coin,Chan Coin,7,,7,False
QuabbinPOGO,Quabbin area Pokemon Go,10,"A community for Quabbin area Pokemon Go players. Organized with the intent for raiding, open to all Pokemon Go related discussion. ",10,False
Alliansen,Alliansen,3,,3,False
PuTaoYa,PuTaoYa,1,,1,False
yungpte,yungpte,7,"The official subreddit of the holy Lord, leader of the crew, yuhngest of all, reaper main, professional AWPer, master of the spoons, teens react fanatic and  the man with an anus like a wizard's sleeve.",7,False
IceCreamPornPics,IceCreamPorn: Because Ice Cream Is Amazing,1,"Pictures, recipes, and information on ice cream. Ice cream is one of the world's most amazing foods. It is delicate, yummy, has a long history, and can be made both simply and with extreme elaboration.",1,False
Lebus,Lebus ,1,Lebus Grooves and Lebus Winches ,1,False
ChilevsPortugallive,ChilevsPortugallive,1,"Chile....vs....Portugal....live....stream....info....TV....channel.... 
http://bit.ly/Watch-Soccer-Live 
 How....to....watch...The....Confederations....Cup....semifinals....begin....on....Wednesday....and....either....Portugal....or....Chile....will
advance....to....Sunday's....final....The....European",1,False
MovingToUruguay,Moving To Uruguay,1,,1,False
EsotericMusic,Esoteric Music,175,/r/EsotericMusic - for the discovery of unknown artists across the genre spectrum.,175,False
Summon_me,Ultimate Mention Order,1,"want to get summoned by the one and only Mama_Meertens?\
Then today is your lucky day.
just make a new post with the title ""Sukkel""",1,False
IDPs,Internally Displaced Peoples ,1,"Global News, Research, Analysis and current events on Internally Displaced Peoples - IDP's ",1,False
MechEngineer,Mechanical Engineer,40,Mechanical Engineers,40,False
ChampMains,Psylo Mains,1,xd,1,False
gamting,gamting,1,"All about clash of clans news,strategy,gamesplay",1,False
AmazonPrimeDay2017,Amazon Prime Day 2017 Deals,11,"Subscribe to this Subreddit to receive Amazon Prime Day 2017 updates about deals, contests, and sweepstakes!
",11,False
thingsthatstressmeout,THINGS THAT STRESS ME OUT,1,"For the OCD and perfection freaks. The misaligned CD, the crack in the window etc... let us stress together",1,False
MechEngineering,Mechanical Engineering,31,Mechanical Engineering & Mechanical Equipment,31,False
Mushroomhaters,Ew,3,For haters of mushrooms ,3,False
RedditWritesARecipe,Reddit Writes A Recipe,1,"Have you ever visited /r/AskOuija? We, this is like that, but we start by posting a single ingredient. The next person to reply can either post an ingredient or a thing to do. This may or may not work, but we have try, right?",1,False
Rhaast,DBS CSS,0,DBS CSS,0,False
Spooling,Spooling,2,Spooling equipment ,2,False
pppppppppppppppppppp,dakfaoeasd,2,5ersgwwwfra0og,2,False
ecommercemarketing,eCommerce Marketing,265,A place for eCommerce Marketers to come together and help each other out. ,265,False
ConfederationsCuphd,FIFA Confederations Cup Live Online,1,,1,False
pmetals,Subreddit for collecting and collections of precious metals,3,You may be looking for /r/preciousmetals or /r/silverbugs,3,False
xapi,The Experience API,5,,5,False
Winches,Winches ,2,All things winches,2,False
SavoryDonutHate,Donuts are fundamentally a sweet food,1,,1,False
SexSpeeltjes,Alles over speelgoed voor volwassenen ,2,[reddit!](https://reddit.com/r/SexSpeeltjes) gids voor het kopen van het sex speeltje dat past bij jou. De beste plek om sex speeltjes te kopen en tips over hoe je het beste de seks speeltjes kunt gebruiken.,2,True
onionambivalence,onionambivalence,5,,5,False
MemesDePortugal,Bom subreddit! Mas tenho que ir andando tenho uma consulta ás 5h!,1,"Partilha as melhores pérolas do nosso pais.

Que este sub tenha tanto sucesso como a fuga do Pedro Dias.",1,False
Customized_Experience,Customized Experience,2,"Ask for experience, to see consequences of your next action before execution, or to use it for exploration in other domain via analogy, or for any other reason. This is the simulation engine! You can help others by giving your own experience, or giving extracts from books, journals, websites. Get custom experience!",2,False
AskAnAfghan,AskAnAfghan,1,"Do you have a question about Afghanistan?

Do you want to know why we do things in our traditional culture?

Are you curious about how we Western-Afghans live? Or how the 
Afghans live in Afghanistan?

Then Ask An Afghan!",1,False
phantomunboxing,phantomunboxing,1,This is a subreddit for the phantomunboxing YouTube channel!,1,False
thisweekinreview,This Week In Review,8222,A weekly recap of the top things on Reddit.,8222,False
Books4SaleFeedback,"Buyer, Seller Feedback for /r/Books4Sale",4,This sub is a feedback site for /r/Books4Sale. It is designed to build trust between buyers and sellers.,4,False
LifeOrDeath,Welcome to r/LifeOrDeath,2,,2,False
wptagmachine,WP Tag Machine Review,0,Review of WP Tag Machine by Ankur Shuklah,0,False
SimulationHockey,Simulation Hockey,6,"A general discussion board for simulation hockey leagues including but not limited to: GOMHL, VHL, SHL, etc.",6,False
KingsK,The sub for fans of Kings Kaleidoscope,14,Do you love Kings Kaleidoscope? Yeah? We do too! Join the discussion!,14,False
broniescirclejerk,For anything cringey on bronies,0,a criclejerk subreddit for the bronies,0,False
lucidrush,The Magic of Rini,8,"Hey all,

I've just started this new subreddit so you can follow me here and on my Instagram account! https://www.instagram.com/irinashyshko/?hl=en

Currently a Work In Progress so sub and stay tuned! ;)",8,False
WordAssociationGame,Word Association Game,4,"Start a Game by posting whatever word(s) come to mind

Play the Game by commenting with the first words that come to mind on either the post itself, or continue the game on individual comments by posting the first word that comes to mind when reading any of the comments.

- Conversation inside the game is ok. 
- You are encouraged to explain how the words connected for you
- Please keep clear the difference between Conversation/Discussion and ""word posts/comments"" for the game.",4,False
specialtycovfefe,Specialty Coffee,1,A subreddit for coffee snobs.,1,False
KarupsPC,Karups Private Collection,24, Finest Euro Babes Doing Very Naughty Things! ,24,True
cannon_memes,cannon memes,58,better then /r/trebuchetmemes,58,False
iamverysmartie,People who seem very Smartie!,0,,0,False
JUs6aw,Como estudar para concurso publico,1,,1,False
HeroQuestTTS,HeroQuest Table Top Simulator,2,Subreddit for planning and discussing the HeroQuest mod for Table Top Simulator,2,False
paper_airplanes,"origami, Kirigami, papercraft, welcome!",8,Anything with wings and made of paper,8,False
itsnotahotdog,A List of things that are not hot dogs,2,A collection of things that are not hotdogs,2,False
Chloew35,Chloew35,2,"reserved for Chloew35

Is that you? You can request ownership [here](https://www.reddit.com/message/compose?to=%2Fr%2Fgonewild).",2,True
sanjeetsurvesh,My very own subreddit oh my,0,Is where i come to do reddit yea,0,False
RSLogix,Programming help for all versions of RSLogix,84,Whether you need help with an ancient SLC500 program or a shiny new Studio5000 program this is the place to ask your question. Programming tips and tricks are welcome as well as any questions you may have. ,84,False
Vegainfo,Info about Vega based graphics cards. ,82,Info about vega based cards,82,False
botano,made from herbs,1,,1,False
mholesomewemes,mholesomewemes,2,,2,False
Mallakhamb,A traditional Indian sport.,13,"Mallakhamb is a traditional Indian sport, originated in the early 20th century. 'Malla' means wrestler and 'Khamb' means pole, so 'Mallakhamb' is Wrestler's Pole. A wrestler alone can practice his tricks on Mallakhamb.
Nowadays, Mallakhamb performance becomes a beautiful combination of Yoga, Gymnastics, Acrobatics and of course, a modern day Wrestling. The 'khamb' or pole is the main apparatus made of solid, seasoned teak wood. Mallakhamb performance develops the entire body.",13,False
notenoughlove,"Stories, Hobbies, Things that need more love.",2,"Stories, Hobbies, Things that need more love. Feel free to post these, and maybe explain why they deserve more love and how we can help to give that love to them.",2,False
MatthewStaffordFucks,Matthew Stafford Fucks,1,The Matthew Stafford beer chuggin hat wearin fan page,1,False
MiscatSquad,The Miscat Squad,3,"Like anime, manga, gaming, YA literature and overall fandom discussions? Then join Miscat Squad the YouTube Channel dedicated to being a fan! Share your art, videos and more and become a member of the squad! ",3,False
Jesb510,Jesb510,2,"reserved for Jesb510

Is that you? You can request ownership [here](https://www.reddit.com/message/compose?to=%2Fr%2Fgonewild).",2,True
Yavatmal,Cotton City. District Headquarter for Yavatmal District.,2,Cotton City.,2,False
BenasqueQI17,Organise your Benasque sessions here!,10,,10,False
pullmaihair,pullmaihair,2,"reserved for pullmaihair

Is that you? You can request ownership [here](https://www.reddit.com/message/compose?to=%2Fr%2Fgonewild).",2,True
RapeFantasyPorn,RapeFantasyPorn,1,,1,False
the_zooboo,Zooboo,0,xd,0,False
fnafofftopic,/r/fivenightsatfreddys users offtopic posts,2,,2,False
nomadicnorths,Nomadic Norths,1,This subreddit is all about the North's and their Nomadic lifestyle.,1,False
Feverisnotaword,Fever is not a word!,1,"Wake up sheeple!  Fever is not a word!  I repeat, Fever is not a word!",1,False
Theyneedto,They need to,0,"Everyone knows they need to do it, now you can tell they.",0,False
quietly000,quietly000,4,"reserved for quietly000

Is that you? You can request ownership [here](https://www.reddit.com/message/compose?to=%2Fr%2Fgonewild).",4,False
xandoroclubarino,xandoroclubarino: a clubarino for xandoro,0,xandoroclubarinoxandoroclubarinoxandoroclubarinoxandoroclubarinoxandoroclubarinoxandoroclubarinoxandoroclubarinoxandoroclubarinoxandoroclubarinoxandoroclubarinoxandoroclubarinoxandoroclubarinoxandoroclubarinoxandoroclubarinoxandoroclubarinoxandoroclubarino,0,False
vomar,Shitposting en frikandelbroodjesaanbidding,4,"Niet toegestaan: illegale media en WEABOO CANCER
NSFW Toegestaan mits aangegeven",4,False
ForceOne,Force One ,2,"Subreddit for the Force One , formula 1 team .",2,False
IndiaLynchWatch,India Lynching News,84,,84,False
PalimasTV,palimas.tv,151,Full and HQ Porn Videos for FREE - Updated with of new porn videos every day!,151,True
abesamazingadventure,Abe's Amazing Adventure,1,Abe's Amazing Adventure,1,False
overwatchreporting,Overwatch Reporting,0,"This is a subreddit where you can warn your fellow Overwatch players about other players who they might want to avoid. Whether it's a smurf account, aimbotter, troll, or overall toxic player, this is the place to warn other players about their behavior. ",0,False
GlinkLive,I've made a lot of mistakes.,32,Subreddit of Twitch IRL streamer and Youtuber Glink. ,32,False
IncredibleDefence,Incredible Defence,1,,1,False
Eltima,Eltima Software,4,"Software development company: news, updates and your questions. ",4,False
uptimegore,What year is it?,2,For when you forgot to restart your computer in 2015.,2,False
PhotoPlus,PhotoPlus: Digital and Analog Photos + Gear,20,"Share your Digital or Analog Photos at the PhotoPlus Subreddit. Weekly Photo Competitions. Discuss and talk about gear or any problems you are having. 
In this subbreddit there will be a Weekly Photo Competition, starting as of the first week of July, Entry's will always open on the Monday and close on the Friday, results will be published on Sunday. Each week will have a different theme, rules will apply. Please read the compeition post for the fine print. ",20,False
godofall,Stefan Stefánsson is the god of us all,7,"Stefan Karl Stefánsson, or Robbie Rotten as many people know him, is a beacon of love and hope to all. He saved us from the evil temptations of Sportacus after many bloody battles. He is the savior the world needs. His message to us all is one we cann all take to heart, ""We are number one.""",7,False
savedForMS,a collection of things that i save,5,a collection of things that i save,5,False
RCIG,Report Cheaters In Games,1,This is a subreddit where you should submit a true information about cheaters within any online games community.,1,False
MerchantsAndMarauders,Merchants & Marauders Board Game,4,A reddit space for the fans of the board game Merchants & Marauders. ,4,False
dankmixes,Quality Electronic Music Mixes ,1,"A place for high-quality electronic music mixes that stand the test of time. Focus is on a broad selection on music spanning multiple genres and ""eras"". No amateur or pro-am mixes. ",1,False
90sNBA,90s NBA,3,A subreddit dedicated to the COOLEST era of professional basketball,3,False
2019memes,2019 Memes,16,,16,False
TheShadowIsles3v3,The Shadow Isles,7,Official subreddit of www.TheShadowIsles.com and the TSI Discord.,7,False
Felmyst,Felmyst,406,Burning Crusade Private Server,406,False
StonedStella,StonedStella,2,"reserved for StonedStella

Is that you? You can request ownership [here](https://www.reddit.com/message/compose?to=%2Fr%2Fgonewild).",2,True
FakeTrumpBot,FakeTrumpBot,1,Using a combination of machine and deep learning to learn how to tweet like Trump. These are a selection of Tweets that have been made by our FakePresident.,1,False
foryourfavoritegame,For your favorite game...,1,For your favorite game...,1,False
paymentchannels,paymentchannels,1,paymentchannels,1,False
ConquerorsBlade,Conqueror's Blade,678,"An innovative medieval war game combining action, tactics and strategy elements. Enter an immersive ancient battleground experience between the eras of blades and gunpowder. Available soon on PC.",678,False
dealistaan,deals - the few. the best - dealistaan.info,9,"Like being First ? Subscribe and get latest deals before everybody else. 
Let our experienced deal providers help you save on your purchase. We make sure you purchase the product at the least price available on the market.
Thank you.",9,False
MichaelBrooks,Michael Brooks,1,,1,False
Spacegossip,A space to talk about your life in space,1,"This is a place for us, space-people, astronauts, spaceship-crews to share our experiences and talk about what's going on at other parts of the populated universe. ",1,False
journeytobatman,Becoming Batman,2,,2,False
MyFirstCSS,My first CSS.,1,My first CSS.,1,False
LondonCricketPlayers,Cricket Players in London,1,A place to find players for your cricket team if you need a last minute ringer,1,False
Cheer_Me_Up,Cheer Me Up,13,"A subreddit dedicated to cheering up those who are having a rough day, week, whatever! ",13,False
OneNationUnderwood,One Nation Underwood,0,One Nation Underwood,0,False
lotos,Lotos Network,39,The world's first decentralized spiritual community. Built on Ethereum.,39,False
actu,Actualités,4,Sélection d'actualités diverses.,4,False
NewsomForPresident,NewsomForPresident,0,Newsom For President,0,False
Zomb1eGames,Zomb1e Games,1,"Owned by: Zomb1e Dude 02
Official SubReddit of Zomb1e Dude 02
Here is where Zomb1e Dude 02 posts his software and where you can post stuff about Software/Youtube/Gaming/Xbox",1,False
FranMa,FranMa,0,FranMa,0,False
minecraftmodsub,Minecraft Mods,1,"Advertise, post your WIPS of your mc mod, and ask for help with any errors.",1,False
FootballUS,"Football américain, football us , News, highlights.....",7,Subreddit dédié au football américain / Football US français et international.,7,False
whathitlerdidwrong,whathitlerdidwrong,7,A list of all the things Adolf Hitler did wrong.,7,False
netsecvids,"Information Security Videos: Talks, Presentations, CTF Writeups",63,A community for recommending and discussing awesome information security related videos. ,63,False
catsvideo,cats video,51,"Pictures, videos, articles and questions featuring and about **cats**.",51,False
IntelliMine,"Discussion & Queries about the IntelliMine website, hardware & software platform",1,"To provide the best customer experience, IntelliMine is on Reddit in order to answer questions, help with issues, and generally discuss all things cryptocurrency.",1,False
Rhaast_Kayn_Mains,"Kayn, The shadow reaper, and his Darkin scythe, Rhaast",1,,1,False
1994Bella,1994Bella,2,"reserved for 1994Bella

Is that you? You can request ownership [here](https://www.reddit.com/message/compose?to=%2Fr%2Fgonewild).",2,True
jakesfatcock,jakesfatcock,3,Thicc in the Thrussy,3,False
RhasstKaynMains,"Kayn The shadow reaper and his Darkin scythe, Rhaast.",2,This is a champion main sub for Kayn!,2,False
SydneyCrossdressing,Quashing the gender-norms in Australia's biggest city!,66,"An attempt to foster a sense of community and belonging, as well as a safe space away from sexual content for all genderbending folk in and around Sydney!",66,False
Boysvsgirls,The flame war starts here,1,Boys vrs girls insult and taunting war. Think of it as a freindlynotfreindly game of full takle flag football.,1,False
sinhalatutorials,සිංහ Tube,2,Only for Sinhalese Tutorials posts,2,False
KETOKRAZYY,KETOKRAZYY,2,REDIT DEDCITADED TO MASTRE MYNDE NAMDE KETOKRAZYY,2,False
CanelovsGolovkinLiv,Canelo Alvarez vs Gennady Golovkin Live Stream,3,"Canelo vs Golovkin Live Stream, Alvarez vs Gennady Live Stream, Gennady Golovkin vs Canelo Alvarez Live Stream,Canelo Alvarez vs Gennady Golovkin Live Stream 

September 16

At Las Vegas (HBO PPV):

Gennady Golovkin vs. Canelo Alvarez, 12 rounds, for Golovkin's WBA/IBF/WBC middleweight title",3,False
OpenProjectRPG,OpenProjectRPG,1,,1,False
FoamyTheSquirrel,Foamy The Squirrel,45,"This subreddit is a place to discuss Foamy the Squirrel - our Lord & Master - popularized by iLL WiLL PrEss' animated web and physical comic book series, 'NeuroticallyYours'.

The subreddit is meant to be a space for anyone to enjoy regardless of the amount of NY videos they have seen, as long as they have accepted Foamy as their Lord & Master.",45,False
PurpleGrid,The one and only sub for the PurpleGrid on nushexcite.fun,2,The one and only sub for the PurpleGrid on nushexcite.fun,2,False
ThaiFoodFans,Fans of Thai Food,2,"Thai Food

Rules:

* Anything written in Thai must have an English translation",2,False
redheadlover,For Those That Love Redheads,6,Redheads.....what more is there to say? ,6,True
Pokemonsunset,Pokemon Sunset,2,Pokemon Sunset RPGMaker game subreddit,2,False
DeepFriedMemes_CSS,dfm_css,129,,129,False
TeamAvatarSWTOR,A subreddit for the SWTOR guild Team Avatar,5,"This subreddit is a forum for guild members of Team Avatar, the SWTOR Roleplay Guild, and potential members to communicate and learn the rules of our guild.",5,False
makedo,"Making and doing. Circumstances, materials, skills and consequences be damned!",52,"A subreddit for discussing projects, ideas, concepts, parts sourcing and engineering.",52,False
imabush,if i'm not a bush i'm not no one,3,"Welcome! We are a new sub-reddit for great looking bushes/hedges!

Do you love hedge art?

Do you need this subreddit? (probably not)

What gave us the idea of this sub-reddit? https://www.youtube.com/watch?v=Z9LlEIDJL08

We hope to find a good community on our search for THE BEST BUSH IN THE UNIVERSE *echo echo echo*

*Also please refer to the rules*
this sub is a WIP",3,False
lfphotography,Large Format Photography,16,sub reddit about analog and digital large format photography,16,False
Homebathroom,"Bath - Bathroom Vanities, Bath Tubs & Shower",6,"Bathroom vanities, showers, bathtubs, bathroom cabinets and more for your home needs",6,False
XXX_STREAM_DB,XXX STREAM DB,209,Watch XXX full movies on streaming,209,False
prodigymath,Prodigy Math Game,2,"An unofficial subreddit for the educational game, Prodigy.",2,False
WritingNonfiction,/r/WritingNonfiction: for those who write nonfiction,123,"/r/writing for nonfiction writers. We talk about, share resources, and work on improving our nonfiction writing: essays, speeches, reports, proposals, presentations. ",123,False
dreadlockaccessories,dreadlock accessories,3,dreadlock accessories,3,False
MeganWilliams,Megan Williams,114,Megan Williams,114,False
steammemes,Steam Memes,4,memes of steam,4,False
SadieNewman,Sadie Newman,1,Sadie Newman,1,False
japari_communism,cutemunism,4,,4,False
appnanagenerator,appnana codes appnana hack - appnana generator,47,This are the best ways to hack Appnana and receive free nanas. The first manner includes using online generator. The second is downloading App Nana hack apk and generating nanas from the application. ,47,False
WhaleBox,WhaleBox,1,A community for my friends,1,False
mssenie,mssenie,2,"reserved for mssenie

Is that you? You can request ownership [here](https://www.reddit.com/message/compose?to=%2Fr%2Fgonewild).",2,True
HongKongFlatForRent,Hong Kong Flat For Rent,2,"Aiming to make flat hunting in Hong Kong easier. 
We wants to improve  the flat experience of HK flat hunter. 
Please submit flat that you think show great design, layout and price. If we judge it is not complying we will delete the link. 
",2,False
realtrans,Politically incorrect transgenders,2,"A place for stories from the other side of the trans community. Disgruntled transgender individuals, whose experiences would otherwise be shut out by politically-motivated ideologues, can feel free to share their stories here.

This is not a place for politics or bigotry, and it's not a safe space. Everyone",2,False
SWLCabals,Secret World Legends Cabals,40,"A place for the cabals of Secret World Legends to gather, and to recruit new agents.",40,False
ShittyMealPrepSunday,Shitty Meal Prep Sunday,203,Like Meal Prep Sunday but shitty,203,False
happy_little_trees,Happy Little Trees,1,"A joyous and supportive network of Bonsai enthusiasts from all walks of life. We welcome a diverse gambit of skillsets and backgrounds that span from novice to master, to share their experiences and help one another along their way. ",1,False
GardeningTools,Gardening Tools Reviews,6,Here you can find best gardening tools review which is best for gardening. If you post irrelevant thing you will be definitely ban.,6,False
oldschoolnasty,"Ugly, Skanky Old School Photos",1,This is an anti /r/oldschoolcool subredit.  All rejects are welcome here.,1,False
armchairpilots,For virtual pilots & fans of aviation,2,,2,False
RealXBOXMods,Real XBOX Mods,3,Real XBOX Mods,3,False
couchforce,Couch Force,9,"YouTube: https://goo.gl/ZdCLHH

Four gamers on a couch, playing games and generally getting pissed.

Featuring: 
Ty (HylianDeathbat)
Conor (n0cor)
Cole (Coletimate)
Nathan (PleaseGodHelp)

And sometimes special guest such as:
Austin (Oreo_Mudslide)
Brody (5 House Games)
Pal (BCVanguard)
Conner (TheSockMethod)
Robert (PrinceKomali)
Dawson (ThatDawsonGuy)",9,False
sfwanarchy,"anarchy, but it isn't TOO bad. ",0,"Anarchy, but it isn't TOO bad.",0,False
WashingtonGuaranteed,Video Adventures ,2,Here you can find video adventures from the Emxdoom YouTube channel. ,2,False
Yellowbird,Angrybirdscartoon,1,Hello guys we are the ones who love the angry birds. We have created videos about angry birds cartoon. We look forward to your comments so that we can improve our products.,1,False
ChocolateMasters,Chocolates and shit,1,xxx,1,False
22nd_Flying_Ostriches,Ostriches finally got their license,0,This is a gaming group dedicated to those who want a place where they can come and play a game or two in the space of their busy lives. Casual and dedicated players welcome.,0,False
w3_schools,Loginsystem,1,,1,False
CatToys,CatToys,19,Pictures of cats with toys,19,False
QualityLetsPlay,Quality Let's Play,0,"A place to find quality, curated, upcoming Let's Players. ",0,False
SmittenGFG,Smitten,3,"Dedicated to the worship of our Twitch Goddess, Feed Lord and Sass Queen.",3,False
the_perfectionists,The Perfectionists,1,"A subreddit for Marlene King's upcoming TV show. ""The Perfectionists"" based on the book by Sara Shepard.",1,False
RealModdingTutorials,Real Modding Tutorials From A Real Hacker,2,Real Modding Tutorials From A Real Hacker,2,False
makanenak,+>PUTLOCKER.WATCH. 'Pirates of the Caribbean: Dead Men Tell No Tales' ONLINE FREE. 2017.,1,,1,False
poftut,Poftut.com,8,Articles From Poftut,8,False
VenezuelaCoup,Coup D'etat 2019,0,,0,False
siastorage,Sia Storage,8,Sia storage,8,False
anthonydelia,Anthony D'Elia,1,Photography and stuff.,1,False
ADPhD,For when the hardest part of your research is sitting down,37,"Hello other magicians who are somehow on the right track to ""make it"" - as long as we can hold it all together. 

This sub is for ""outwardly successful"" professionals who have been battling impulsivity and disorganization and inattention, probably surrounded by brilliant colleagues who are effortlessly good at stuff.  

Let's help each other. ",37,False
delet,delet this,4,very bad,4,False
JonVine69,Jon Vine,1,A sub for some ginger kid,1,False
karena,+>PUTLOCKER.WATCH. 'Captain Underpants: The First Epic Movie' ONLINE FREE. 2017.,1,,1,False
Funnytrollingvids,Funny Trolling Videos You Do Not Want To Miss,1,Funny Trolling Videos You Do Not Want To Miss,1,False
GifHunters,"Got an interesting Gif, Show us.",2,Funny wild scary whenever if it's a good gif share it.,2,True
Xennials,Xennials,211,Xennials - people who were born between 1977 and 1983. ,211,False
woolgathering,w o o l g a t h e r i n g,1,Woolgathering,1,False
Male_Bondage,Male Bondage,314,"Male bondage photos, videos, or GIFs. ",314,False
ReallyMakesMeThink,ReallyMakesMeThink,2,ReallyMakesMeThink,2,False
AirsoftTexas,Texas Airsoft,3,Every related to airsoft in Texas,3,False
aduhenak,"STREAM. Watch. Guardians of the Galaxy Vol. 2 Online. Free. FULL. MOVIE. DOWNLOAD.(2017).,;",1,,1,False
UDPDDOS,Free UDP & TCP DDOS & DOS SHELLS ,2,Free UDP & TCP DDOS & DOS SHELLS ,2,False
NorthTexasAirsoft,North Texas Airsoft,3,Every related to airsoft in Texas,3,False
jekbuka,"STREAM. Watch. How to Be a Latin Lover Online. Free. FULL. MOVIE. DOWNLOAD.(2017).,;",1,,1,False
truehacks,The Real Hacks That Will Make You Shiver In Your Chair,1,The Real Hacks That Will Make You Shiver In Your Chair,1,False
TexasAirsoft,Texas Airsoft,3,Every related to airsoft in Texas,3,False
The_Institute_Of_Love,The Institute,1,"Hello, dearest viewer. The Institute is all around you. Wait and see.

They lurk and hunger.

None shall survive the Lord of Roses",1,False
namanyaanak,"STREAM. Watch. The Circle Online. Free. FULL. MOVIE. DOWNLOAD.(2017).,;",1,,1,False
gampangu,"STREAM. Watch. Baahubali 2: The Conclusion Online. Free. FULL. MOVIE. DOWNLOAD.(2017).,;",1,,1,False
PostAndWeWillDelete,Post and we will delete it,1,,1,False
GenderCriticalGuys,Gender Critical Guys ,2270,"This is a sub reddit for male radical feminist allies, people who support gender critical thought and anyone who is weary of the role postmodern queer theory is playing in modern discourse surrounding LGBT and women's rights. We are a brother sub reddit to GenderCritical. ",2270,False
enoughneolibspam,"Nah, Keep Going",1,,1,False
FigmaDesign,Figma,154,For fans of the Figma collaborative design tool,154,False
squarepuppers,S Q U A R E P U P P E R S,5,S Q U A R E P U P P E R S only!,5,False
OpenObservatory,Open Observatory,5,The Open Observatory of Network Interference,5,False
buruanendi,"STREAM. Watch. Gifted Online. Free. FULL. MOVIE. DOWNLOAD.(2017).,;",1,,1,False
BreakTheCodeG4,BreakTheCodeG4,1,,1,False
CheckOutMySigil,A subreddit for magick sigil spreading,42,Got a magic sigil you want spread out into the world to aid it's working? Post it here.,42,False
cewmatre,"STREAM. Watch. Smurfs: The Lost Village Online. Free. FULL. MOVIE. DOWNLOAD.(2017).,;",1,,1,False
FishingCambodia,"Fishing, Hunting, How to, Snake, Animals, Cooking, Fish",70,"This subreddit is solely publishing for the meaning or only to Fishing, Hunting, How to, Snakes, Animals, Cooking.",70,False
blockland_irl,blockland is a dead game,5,"IcyGamma came into Blockland during 2008 in the memorable era of version 8. Having recently purchased a late 2007 white MacBook, he was populating it with software. About a year prior to purchasing the game, he had downloaded Blockland expecting a more typical editor interface (perhaps like that of Roblox) and couldn't figure out how to use it. Frustrated at the game and failing to understand how it worked, he angrily uninstalled it and forgot about it.",5,False
isuzuNPR,Isuzu N-Series Trucks,2,THE official subreddit for the Isuzu N-Series heavy duty trucks. This is your source for any info about these amazing machines!,2,False
defendmyview,Defend My View,1,"A place to post an opinion you accept may already be correct, in an effort to understand how it could be improved.",1,False
barwhack,the one and only,2,a place for things,2,False
kasipromo,"STREAM. Watch. Going in Style Online. Free. FULL. MOVIE. DOWNLOAD.(2017).,;",1,,1,False
starchildgame,Star Child,2,Star Child is a cinematic platformer set in a mysterious world.,2,False
PEParty,Pepperoni for Papa,4,"A community driven by tradition. We oppose topping tolerance in all its forms, and seek to restore the two topping balance which our savior Papa John had intended. ",4,False
hivemindhottakes,/r/NBA,1,,1,False
porsie,"STREAM. Watch. Wonder Woman Online. Free. FULL. MOVIE. DOWNLOAD.(2017).,;",1,,1,False
TheRussiaConspiracy,The Russia Conspiracy,1,For all news related to the high drama of the US media's war on Russia!,1,False
Iquique,Iquique,2,Subreddit para la Tierra de Campeones,2,False
LsuTigers,LSU Tigers,3,All things LSU.  Geaux Tigers!,3,False
HighBitrate,High Bitrate,0,,0,False
tulisanyapak,"STREAM. Watch. Baywatch Online. Free. FULL. MOVIE. DOWNLOAD.(2017).,;",1,,1,False
4clocks,4 Clocks,2,What about my 4 clocks?,2,False
2url4html,"Like me 2meirl4meirl, but not",2,,2,False
iPadonadesk,iPad On a Desk,1,iPads on desks,1,False
SineWaveSurfers,Artist Collective,8,"Artist Collective
Let's be friends. 
Stay Fresh. Stay Humble.
Intention is everything. 
Spread Love.
Never Stop Learning.
Contact: sinewavesurfers@gmail.com",8,False
momotpeng,"STREAM. Watch. Alien: Covenant Online. Free. FULL. MOVIE. DOWNLOAD.(2017).,;",1,,1,False
racistmario,fuck you pretendo,118,funy cartoon that make me lol out loud!,118,False
TEARmeDOWN,TEARmeDOWN,1,upload a photo of yourself and bring tissues,1,False
moneter,"STREAM. Watch. The Mummy Online. Free. FULL. MOVIE. DOWNLOAD.(2017).,;",1,,1,False
PokemonGoForestPark,Pokemon Go Forest Park,4,The official subreddit for Pokemon Go in Forest Park,4,False
Photorized,Automotive Videography,1,,1,False
CasualMining,Casual Mining,1,"This subreddit is devoted to those who are casual miners and not looking for the big multi-system experience of cryptocurrency mining. This subreddit is for anything in the ""Casual Mining"" genre, from tech help to fan placement in your case. Discussions are allowed and encouraged.",1,False
Colbert2020,Colbert 2020,3,For those who want Stephen Colbert to run for the 2020 Presidential Office to be the 46th President of the United States.,3,False
Senddit,Just Send IT,2,Just Send IT,2,False
SyntheticMeat,Synthetic Meat,0,Synthetic Meat,0,False
3dprintingstage2,The next stage of 3d printing,16,"A place to share information and discuss the 3d printing 2.0.

",16,False
RLReports,Reports on Richard Lewis's various shenanigans.,1,"/r/GlobalOffensive moderators don't like it when their source of personal favours is talked about negatively in their subreddit.  

User in question is banned from multiple places.",1,False
riadenan,"STREAM. Watch. Transformers: The Last Knight Online. Free. FULL. MOVIE. DOWNLOAD.(2017).,;",1,,1,False
GlassCeiling,Watch Women Struggle,28,Watch Women Struggle,28,True
muartistry,MUA,2,A place to post creative make-up looks!,2,False
lore_irl_meta,lore_irl_meta,0,"Bug reports, meta posts, and etc. for /r/lore_irl",0,False
FreedomCraft2,"Home of the Minecraft Server, Freedom Craft!",1,"This is a dedicated subreddit for our MC Server, Freedom Craft 2.0!
Here you can look out for announcements, post pictures, and ask questions! Feel free to make requests and reach out to the moderators if you need any assistance!",1,False
IsThePriceRight,Is The Price Right?,1,,1,False
LDESRecruit,The Oasis - LDE:S Recruitment,46,"Welcome to the oasis, survivor! It's tough out there, but thankfully you're not alone! Use this place for people to connect - if you're a lost soul looking for a clan, or a powerful clan looking for a new recruit - this is the place to be. Good luck!",46,False
TheBirdsAndTheBees,The Birds And The Bees,1,,1,False
Thup,That sound that happens when you blow out air and then you put your tongue in front of it.,1,That sound that happens when you blow out air and then you put your tongue in front of it.,1,False
callmebyyourname,Call Me By Your Name: The Film,4535,,4535,False
spoonelementalsandbox,Spoon Elemental Sandbox,1,A sub I'm using for rough drafts of stuff.,1,False
downvotedbyretards,comments and posts downvoted by retards.,10,"here we will collect the ""stupid majority"" reaction to comments and posts that are too insightful to be appreciated by downvoting retards. ",10,False
munchsquad,Munch Squad!!,5,DO YOU WANNA MUNCH???? SQUAD!!!!!,5,False
ryankaung,Just Ryan Things,1,,1,False
breadnbutter,bread n butter,1,,1,False
mycousinvinny,The Number One My Cousin Vinny Subreddit,7,This is the number one movie based subreddit for fans of the movie My Cousin Vinny,7,False
MarxismDeLeonism,Marxism De Leonism,1,"A place for Marxist De Leonists, and for others to learn about the theories of Daniel De Leon. Daniel De Leon advocated for the use of a democratic mandate, acquired through a socialist party, to install a government led by radical industrial unions, representing the working class. Predominantly for discussion, but feel free to share articles, or the occasional joke. Questions and debate are encouraged.",1,False
LenierDidNothingWrong,Lenier Did Nothing Wrong,1,Lenier Did Nothing Wrong,1,True
snatcoin,Snatcoin - Digital Currency,136,/r/snatcoin The official subreddit for Snatcoin - Digital Currency,136,False
harrypotte,How did it take this long for this subreddit to be made?,0,,0,False
cardmaker,/r/cardmaker: A subreddit for card game designs and other cards,4,It is card game designs and such. Daily posts by admin is assured. Subscribe c:,4,False
BeccaFromReact,BeccaFromReact,1,BeccaFromReact,1,False
DastardlyGriffins,the dastardly griffins,2,A relaxed social hangout For Monarchists of all sorts though everyone is welcome,2,False
ThalakLai,Thalak'Lai,6,The subreddit for campaign in the Thalak'Lai setting.,6,False
IDChallenge,The Independence Day Challenge,7,"The Independence Day Challenge was created to help people who want to break their porn habit. We set short-term goals and support each other through them.

",7,False
purpleandgold,Monarchism,4,,4,False
westlincoln,"West Lincoln, Ontario",1,A subreddit for residents of West Lincoln Ontario,1,False
RosalinaThemes,Luma3DS Rosalina Themes,5,A subreddit for sharing themes for the Rosalina menu in Luma 3DS CFW.,5,False
freiberufler,freiberufler,6,freiberufler,6,False
RuWatch,Off Season Rewatching of RPDR,539,"When RuPaul's Drag Race isn't airing, we watch episodes of old seasons and chat about them on this subreddit!",539,False
GMUKorea,George Mason Korea,1,,1,False
GamingPeripheral,Gaming Peripherals are Awesome!,2,This subreddit is all about gaming peripherals.  This is a place to talk about anything gaming peripherals.  Message me at u/Zakku_Rakusihi.,2,False
cheer_up_bot,turning frowns upside down :),28,,28,False
majorasfox,r/MajorasFox: A Dedication to one of the best camgirls around.,7,New Camgirl who doesn't get near enough attention. Feel free to share and subscribe.,7,True
ShortStreakChallenge,Short Streak Challenge,33,A collection of short-term challenges to assert Independence From Pornography,33,False
anonymousddos,Anonymous DDOS,1,Anonymous DDOS,1,False
cuckmercials,cuckmercials,4,"Cuckmercials, commercials which distort reality to present a view of the world liberals are more comfortable with.

Cuckmercials are full of useless men who need women to take charge, upper middle class black people and white criminals.",4,False
JoinAnonymous,Anonymous ,1,Anonymous ,1,False
FakeMeat,Fake Meat,1,Fake Meat,1,False
ziyadfanclub,only for fans of ziyad,1,"everyone is welcome
",1,False
HOOOSK,HOOOSK: All the Things,6,"HOOOSK, the streamer;
HOOOSK, the dreamer.
HOOOSK, the talkative;
HOOOSK, so positive.
HOOOSK, what is she;
HOOOSK, ate the queen bee.",6,False
scammeraudios,Place people to send links of audio for people who troll Scammers,29,,29,False
LabGrownMeat,Lab Grown Meat,41,Lab Grown Meat,41,False
spicyreaction,Reactions from eating something spicy,132,"Almost everyone reacts in a similar fashion to things that are spicy, and this is to find the best of those reactions. ",132,False
Stepparent,Stepparent,47,,47,False
eBooks0,eBooks By Get Digital World ,2,,2,False
Kindacreepy,Kinda Creepy,5,"Post things here that can come across as creepy, but aren't justified to be posted to r/creepy",5,False
alguiensabecbba,preguntas cochabamba,1,,1,False
Kamp_Kool_Kids,Welcome to the klub for kool kids,1,The Pxls Subreddit for satirical art and vandalism. Note the unoriginal name.,1,False
beeswithboots,Bees With Boots,2,Bees wearing boots,2,False
GiveUsGlasses,Like WeWantPlates but for drinks,47,Ever ordered a drink and received in in something that's not a glass? This sub is for you.,47,False
RelicScout,"Relic Scout: Search, Track, and Buy Collectibles",3,"Relic Scout is the ultimate tool to track down the comics, sports cards (coming soon), and U.S. coins & currency (coming soon) on your want list. It's the easiest way to find what you want, in the condition you want, at the right price. Available wherever you have internet access.
",3,False
scubaexchange,Everything Scuba,1,"Rent, Sell, Trade Scuba Equipment and more",1,False
skinnyguycurvygirl,"Skinny Guy, Curvy Girl",2,For skinny guys who are into women with a little extra and vice versa!,2,True
deletedmemes,deleted memes,4218,pictures of memes that have since been deleted,4218,False
HOCVouches,House of Carts Vouches,3,A vouches subreddit for all House of Carts transactions. ,3,False
thingsmenwouldnotdo,For the stupid things a man would not do,0,,0,False
Qpcos,Qpcos,2,For Queer people with PCOS,2,False
ContentWriting0,Content Writing By Get Digital World ,1,,1,False
userbenchmark,userbenchmark,6,,6,False
CharlieLoveDiscord,The Church of Nerf,2,,2,False
UpcomingPumps,Best Pump Signals for Cryptocurrencies trading.,35,"We are a collective of expert cryptocurrencies analysts. We give you the best tips and signals on which coins to buy to maximize gains and 3x-5x your investment quickly.

Join our Telegram group to get instant updates:
https://t.me/UpcomingPumps",35,False
YouTubeGamingCreators,YouTube Gaming Creators,0,,0,False
existentialcorner,Existential Corner,1,"Discussions, memes, anything really.",1,False
LesbianFiction,LesbianFiction: because sometimes it's fun to pretend,43,A subreddit for girl-on-girl sexiness in popular fiction,43,True
July11,July 11 Prime Day,1,,1,False
tmfdclan,TMFD Clan,4,"We are TMFD Clan which stands for ""The Mighty Fightin Disciples"", is a gaming clan focused on spreading positivity & having fun gaming with people like you. We've been an est. clan since May 1, 2010. We are a mature gaming clan for adults only 18+ & just requiring you to have a mic & respect all members in the clan.

If you're interested in joining the TMFD (Disciples) Clan Just Go To: TMFDClan.com & Sign Up. Requirements - Must Be 18+, Have a Mic. & an Xbox One.",4,False
CERTCybSec,Alert & Cybersecurity bulletin ,204,"CybSec alerts and announcements.
All about #infosec & #cybersecurity informations.

All posts are our own.
Twitter: @AHCybSec",204,False
LumaFusion,LumaFusion is a powerful multi-track video editor for iOS,503,"All things related to LumaFusion, an awesome video editor for iOS. Feel free to post if you have any questions or suggestions, or links to LumaFusion related content!",503,False
adgewastaken,Adge Was Taken,1,?,1,False
Sacred_Economics,Sacred Economics: Gifting Economy of Freedom,8,"Sacred economics freest and most profitable form of economy. 

https://m.youtube.com/watch?v=EEZkQv25uEs",8,False
MapsWithoutNL,Maps that don't include the beautiful island of Newfoundland.,125,This subreddit is for people that want to show the world maps without the beautiful island of Newfoundland.,125,False
InstLife,"InstLife: Like your life, but through a phone..",10993,This is the official subreddit for InstLife. That life simulator that's on mobile. The one that let's you assault the homeless and take drugs.,10993,False
brosbeinghumans,Bros are human thus fallible ,38,A place for examples of things attempting to be bros but failing miserably,38,False
DotaImbaClassic,Dota Imba Classic,4,The official (unofficial) SubReddit of Dota Imba Classic. Maintained by Ice. (Not the frog),4,False
IWLFantasyBooking,International Wrestling League,15,"Subreddit for fantasy booking in the International Wrestling League  
Current Shows:  
Tradition Wrestling  
SCW  
PWWE  
UPW  
NWA Battleclub Pro",15,False
the_internet_party,The Internet Party of the United States,1,"Next presidential election, lets not allow corporate TV media or bloated political parties dictate who is on the ballot.",1,False
coloredcontactlenses,Colored Contact Lenses,2,A subreddit dedicated to colored contacts lenses,2,False
GoWatch,CSGO : Overwatch ,1,Post CSGO VODs and link games for fellow players to do some investigating of suspicious players! The goal of this sub is to get as many known cheaters banned or blacklisted as possible!,1,False
iconsgg,Icons: Combat Arena,2027,Pick your fighter & become an Icon of your homeworld. Download the ultimate platform fighting game for free on Steam. ,2027,False
dragonballnorthstar,Dragonball: North Star,16,A community dedicated to the MUD!,16,False
EverythingIndie,Ask or search for anything Indie,1,Indie is awesome.  It is weird and quirky.,1,False
two_letters_bots,Bots by two_letters_longgg,1,"Hi! I'm /u/two_letters_longgg, and this is the sub where I post information about my bots.

",1,False
CatfishCatchers,Catfish Catchers,3,A community for people to share their suspicions about a possible Catfish. A safe place to share possible catfish information for mods to do a Catfish check.,3,False
magictricksexplained,Explaining Magic Tricks,306,"What is this black magic fuckery that magicians bring about?
Posts on this sub should either be gifs or videos that explain how magic tricks are pulled off.",306,False
RaggRaiders,Ragg Raiders (Clash Royale),3,,3,False
nigerianprincecoin,Nigerian Prince Coin,1,NPC is an Ethereum-based Cryptocurrency in development stages.,1,False
NannyNetwork,A community for Nannies and Nanny Families,45,"Nannies wishing to:
-Seek advice, swap recipes, crafts, etc.
-Vent
-Have community with other nannies

Nanny Families wishing to:
-Ask about building a contract
-Ask about any employee/employer related topics",45,False
BrokePieceOfShit,Broke AF,27,"Are you Broke all the fucking time? 

Are you bad at money management? 

Welcome, friend.",27,False
StarlinkTheGame,Starlink: Battle for Atlas,3,"Welcome to /r/StarlinkTheGame! This subreddit is dedicated to Starlink: Battle for Atlas, a UBISOFT's toys-to-life genre game. Discuss news, gameplay or strategy, anything goes!",3,False
debatewithredditors,Debate with people about topics!,1,Debate with people about topics!,1,False
seeyou_inkort,seeyou_inkort,2,"reserved for seeyou_inkort

Is that you? You can request ownership [here](https://www.reddit.com/message/compose?to=%2Fr%2Fgonewild).",2,True
gamecubeclassic,GameCube Classic,1,,1,False
aranurea,aranurea,3,aranurea,3,False
AustinWright,Austin Wright Fan Page,0,Austin Wright Fan Page,0,False
genesysrpg,Genesys,3026,This is the subreddit for discussion of the Genesys Role-Playing System by Fantasy Flight Games.,3026,False
letterstomyex,Say hello or goodbye,4,This is a subreddit made entirely for the purpose of sending letters to your ex. These letters will never reach their destination but they were sent nonetheless.,4,False
thingsreplacedbyramen,Top Ramen.,2,Exactly what you think it is.,2,False
ArtistLiquid99,Digital Artist ArtistLiquid99,1,"Digital Artist, working on an adult graphic novel full of action, lewdness, sexyness, horror, and more! My own space to post some of my artwork, will be updated more and more, join me!",1,False
NALTPS13,NALTP S13,1,,1,False
MerchantGames,The Official Sub Reddit of Merchant Games,3,"Welcome to /r/MerchantGames.  The place for all of your questions and answers revolving around gaming news and on goings.  The Place for fans of our growing interactive experiences.  We are active and get involved with the community often. Currently our first game ""Mega Museum"" is out now, on iOS/Google Play. ",3,False
wdwplanning,WDW Planning,3,,3,False
widethroats,widethroats,4,Submit your vids/gifs of girls deepthroating thick monster cocks!,4,True
UnexpectedEdna,No capes!,170,,170,False
CrashTesting,Destroying Cars. For Your Job.,2,Destroying Cars. For Your Job.,2,False
Pfadi,Pfadi Schweiz,1,"Alles rund um das Pfadileben, Anlässe in der Pfadi und eure besten Geschichten aus dem Pfadilager.",1,False
TheHourchive,The Hourchive,3,"Our ever-growing library of everything, one hour at a time.",3,False
SojournNetwork,A subreddit for the Sojourn Network of churches,1,"Sojourn Network exists to help pastors plant, grow, and multiply healthy churches that last.",1,False
squestions,A place for irritating grammar.,1,"It has become popular to end statements with a question mark to denote sarcasm.  These are squestions, and they suck.  ",1,False
gotveqoyum,gotveqoyum,0,"everybody doing in this sub reddit ""gotveqoyum""",0,False
SuperstarFiles,SuperstarFiles,1,SuperstarFiles,1,False
YogaTight,YogaTight,238,YogaTight,238,True
Timesuck_Podcast,Timesuck Podcast with Dan Cummins!,129,Welcome to the official subreddit for the spectacular Timesuck Podcast hosted by comedian Dan Cummins!,129,False
OCDMixTape,OCD Mix Tape,1,"I have Obsessive-Compulsive Disorder. Through therapy, medication, and life experience, I am able to control it so that most people would never guess I have OCD. One of the symptoms of OCD is repetition of meaningless words and phrases. I CONSTANTLY have lines of English words racing through my head. Many times those words contain some fucked up stuff. As part of my daily therapy, I journal some of these thoughts to help control them. I figured reddit might enjoy some of the nonsense. ",1,False
aruo,images,1,image curation,1,False
21952128,'21952128',0,,0,False
TheSherbertQueen,TheSherbertQueen,2,"reserved for TheSherbertQueen

Is that you? You can request ownership [here](https://www.reddit.com/message/compose?to=%2Fr%2Fgonewild).",2,True
QuirinoCristiani,Quirino Cristiani,11,"This Subreddit is about Quirino Cristiani who was an Italian-born Argentine animation director and cartoonist in the 1910s to about the 1940s. Quirino Cristiani was the man responsible for creating the world's first two animated feature films ""El Apóstol"" in 1917 and ""Sin dejar rastros"" in 1918. He also mede the first animated feature film with sound ""Peludópolis"" in 1931. Sadly all know copies of ""El Apóstol"", ""Sin dejar rastros"" and ""Peludópolis"" were lost in various fires.",11,False
Spezi,Knackt einen Kalten mit euren Spezis!,28,,28,False
JumanjiMemes,For memes from jumanji,2,,2,False
jordanedwards,Jordan Edwards - Adorkable goddess,44,"For fans of the fitness model Jordan Edwards:

https://www.instagram.com/jordanke/?hl=en",44,False
Schumpeter,Schumpeter,1,,1,False
kinsband,Kins,1,A subreddit dedicated to the now defunct band from Brighton who made one incredible album that went under the radar for the most part.,1,False
IDontSpeakEnglish,IDontSpeakEnglish,1,"Welcome to /r/IDontSpeakEnglish.  
It's for signs/medias that write wrong words about english language.

For reference, here's: 
1: http://imgur.com/a/Gof7i",1,False
gole1,Gole1 mini PC,3,"Tips, mods, tech support, etc. for the Gole1 touchscreen mini computer/tablet, Gole1 Plus, Gole B1, Gole F2, etc.",3,False
WinAppStore,Windows Store Apps,1,,1,False
gamerpolice,Gamer Police,8,,8,False
TheJokerPirates,Joker Pirates,2,Joker Pirates create free internetainment for JokerPirates.com,2,False
Babinio,spinnerswarehouse,1,spinnerswarehouse,1,False
showingmysluttyside,showingmysluttyside,2,"reserved for showingmysluttyside

Is that you? You can request ownership [here](https://www.reddit.com/message/compose?to=%2Fr%2Fgonewild).",2,True
theowriting,Theo Writing,1,The place to give me writing prompts.,1,False
brokenvector,Broken Vector,1,,1,False
sloane_wolf,Sloane,1,https://www.reddit.com/r/skipper/,1,False
SubRosaGuild,SubRosaGuild,1,SRG,1,False
RialtoAI,RialtoAI,792,Cryptocurrency Arbitrage Market maker. ,792,False
PodcastGold,For sharing podcast moments that you love!,1,"Want to share a great story, a hilarious exchange or simply intriguing moment in a podcast you love? You've found the place.",1,False
DailyDoseOfGiggles,#DailyDoseOfGiggles,1,Get your #DailyDoseOfGiggles,1,False
jstrate_danger_zone,jstrate testing grounds,1,the test area,1,False
5minutephotoshops,Quick and easy ,14,,14,False
SindhuWorld,"Charge on card if you spend under £5: 40p. Love, compassion, and advice: free",11,Chronicling the wonderful world that is Sindhu World,11,False
beautyofcars,"Beauty of Cars: Racing, Drifting, or Showing Off",25,"Post beautiful pictures of cars! They can be ones you took, professional or no, or ones that you have seen or love, just give credit to the creator. (No reposts please.)
",25,False
babydriver,Baby Driver,748,,748,False
RogueGamingNetwork,RogueGaming,0,Looking for a great community of Gamers just like us!? We have a great community of people that love to have fun! Our discord server is very well organized with everything you will need to have a great experience! Our Admins can and will help you with anything you might need. We also host our own servers currently we only host an ark server but there will be more to come,0,False
erisology,"Erisology, the study of disagreement and intellectual difference",663,"Erisology, the study of disagreement and intellectual difference",663,False
PornHunt,Help others find the porn they previously watched.,40,You know when you find that one video that gets you going. Then you watch it and do your thing and then you want to watch it again weeks down the road but can't remember the name. But you can see those scenes in your head. We have all been there help others find those videos again.,40,True
JokeExplained,Jokes and Comic Panels Explained,2,"This sub Reddit explains jokes that you don't understand. Either it be political, for a specific audience, or maybe you just don't understand, r/JokeExplained will explain it.",2,False
GordonRamsayDash,Gordon Ramsay Dash,142,Unofficial Subreddit for Gordon Ramsay Dash from Glu Mobile.,142,False
SweetPea,Conversations Worth Having. Stories Worth Telling.  People Worth Meeting.,1,,1,False
Laughing_Coffin,Laughing Coffin,2,"Laughing Coffin
Debauchery Tea Party",2,False
oprimecsstest,A simple CSS test subreddit,1,A simple css test.,1,False
playthelongdark,The Long Dark,97,"The Long Dark is a thoughtful, exploration-survival experience that challenges solo players to think for themselves as they explore an expansive frozen wilderness in the aftermath of a geomagnetic disaster. There are no zombies -- only you, the cold, and all the threats Mother Nature can muster. ",97,False
Kayn_Mains,subreddit for kayn mains ,9,This is a subreddit to discuss Kayn from league of legends,9,False
realismmemes,Memes for true connoisseurs who are too good for surrealmemes,3,Haydon sucks,3,False
BuenosDias,imbecil!,3,Hihihi,3,False
SummerRaeWWE,For all things related to WWE's Summer Rae!,283,Ths sub is dedicated to the beautiful and talented Summer Rae.,283,False
RocketLeagueRafflePS4,Rocket League Raffles PS4,13,Different rocket league items of ranging value will be posted and people will have the opportunity to sign up for the raffles. The entry fee of each raffle will be 1 key (not limited to 1 key per person). Once a key is given to a secure middleman that person will be assigned a number(s). Each raffle will have a set number of keys that will have to be obtained before it will begin. The winner of the raffle will be selected by a random number generator and will be given the prize! Enjoy!!   ,13,False
howdoiexist,Someone porked that?,4,Pictures of ancestors so ugly it's a wonder their descendants were ever birthed. ,4,False
RickVeitch,Rick Veitch's Roarin' Readership,2,A subreddit for all things Rick Veitch.,2,False
FreeProxyList,Free Daily Proxy Lists ,5,Free Daily Proxy Lists ,5,False
KayneMains,Mains of Kayne,13,,13,False
OldSchoolDweebs,Old School Dweebs,1,Photos of Old School Dweebs,1,False
DefinitelyNotKeyvis,MMORPG Discussions by LoanWolf88,2,The musings of an avid mmorpger who is definitely not /u/keyvis.,2,False
MRAFathering,Raising the next generation to reach for equality,5,"A place for parents (fathers or mothers) to get together and discuss the issues fathers face today (custody, gender roles, etc...).",5,False
boners4bitcoin,Oh shit that's based on Bitcoin!,2,When you find some new technology that reminds you of Bitcoin... it belongs here!,2,False
createmusic,How to create your own music,11,Make music using music creator software,11,False
InstagramMarketing0,Instagram Marketing By Get Digital World ,5,,5,False
FriendsRoyale,Request and Add Friends to Clash Royale!,296,Post your friend requests for Clash Royale here!,296,False
TrumpTrumpTrumpTrump,TrumpTrumpTrumpTrump,0,Trump Trump Trump Trump,0,False
LongIslandArt,Long Island Art,64,A place for Long Island Artists and Art Enthusiasts. ,64,False
codeflamingo,Code Flamingo | Code like an animal,1,,1,False
ChodeyBoiz,D A N K,3,"The ChodeyBoiz are the premium professional virgin gamers. Running the table on games such as CSGO, Boring Grounds, Rocket League, and so much more. ",3,False
PS4_gamesaves,Share ps4 game saves ,2,,2,False
SlowShowerThoughts,Slow Shower Thoughts,1,Should we tell 'em?,1,False
CollegeFreelance,College Freelance: Use your skills to get hired.,2,Just because you haven't gotten your degree yet doesn't mean your useless! We help students gain skills and get hired as freelancer while still in school.,2,False
NewProductDevelopment,New Product Development By Get Digital World ,2,,2,False
CwLts,Clockwork Lotus Gaming,5,Clockwork Lotus is new Gaming organization that aims to promote fun and friendly game play as well as serious competition. We are just starting out but our aspirations are huge. We aim to be a large and well known North American or international gaming organization(depending on where the road leads us) that is involved in content creation and esports as well as potential game development.,5,False
ConstructiveOverwatch,Constructive discussion of Overwatch,2,A place where Overwatch players can discuss the game without the clutter of posts saying things that have been said a thousand times before.,2,False
abc123zyc789,Testing test,2,,2,True
pianodomination,"all about digital pianos, brands, models and features",2,Learn about digital pianos and their features and benefits. With so many digital keyboards on the market how do you find one that best for you? ,2,False
amala,Amala Network,2,The Amala Network can be found on /r/AmalaNetwork,2,False
officialhypergg,Hypercase.gg,1,The official sub-reddit of Hypercase.gg,1,False
StrongAndCable,S T R O N G  A N D  C A B L E,1,,1,False
RepublicGamingGmodCW,The official Republic Gaming Clone Wars server subreddit. Enjoy the shitpost y'all,2,"The official Republic Gaming Clone Wars server subreddit. This reddit was made because, eh... Well, reasons I guess. Enjoy",2,False
Kayn,"Kayn, The Shadow Reaper",12,,12,False
WeLoveYellow,Yellow: The Yellow Artifact,3,"Yellow: The Yellow Artifact is a message from the hand of God. We love the color yellow, we worship it, it is the source of all of life.",3,True
TwitterMarketing0,Twitter Marketing From Get Digital World ,2,,2,False
reddit_is_hate,An exploration of all the ways reddit finds to fuel its hate machine,0,"It's official, this website is the fourth most popular on the internet. It never takes more than four posts to bring about the worst in any given individual, regardless of whether it's a political subreddit, a food subreddit, or an educational subreddit. This is a place where we pool our collective experiences with hate filled subreddits, conversations, and exchanges--The less polarizing the OC, the better. Let's hold an an mirror up to the ugly side of this website.",0,False
Bylekoyd,welcome to your dreams,0,"LIVE DAILY https://www.twitch.tv/bylekoyd

💖SUBSCRIBE TO MY YOUTUBE ►https://goo.gl/eVuQ7b TURN ON POST NOTIFICATIONS TO GET EACH EPISODE FRESH OFF THE PRESS

*SOCIAL MEDIA LINKS*
TWITTER(@bylekoyd)►https://twitter.com/bylekoyd
INSTAGRAM(@kylboyd)►https://www.instagram.com/kylboyd/
SNAPCHAT► kboyd8
SOUNDCLOUD(@bylekoyd)►https://soundcloud.com/bylekoyd I MIX DUBSTEP FOR FUN
",0,False
OrderOfOperations,Order of Operations,1,"In life, nearly everything you do has an Order of Operations.  Tell us your OoO for anything you do to help benefit your fellow organized (or organizing) humans.",1,False
nintendoconspiracies,Nintendo Conspiracies: Home to all conspiracies related to Nintendo,45,"This is a place to discuss all ""out of the ordinary"" Nintendo secrets and lore related possibilities, and other theories regarding Nintendo. While we appreciate outside links, we're especially looking for original ideas or questions no matter how insane they are.

Make sure to check out /r/Nintendo for our unofficial big sister subreddit.",45,False
extremebeats,extreme beats,28,"much like extreme metal characterizes the brutality of bands, extreme beats characterizes the brutality of producers. anytime you come across intense shit, put it here. this is a safe place for dangerous music.",28,False
harrah,harrah,1,,1,False
gloomyseason,Gloomy Season,2,Official subreddit for the brand Gloomy Season. ,2,False
petya,Petya ransomware talk,26,to discuss about this ransomware,26,False
TokenSale,Token Sale,41,,41,False
MopeioNews,Mope.io News,21,This is where us mope.io fans gather to spread the word about recent activities in the game mope.io!,21,False
SeldomSoberWritings,Seldom Sober Writings,1,"Some of my writings, for your perusal and enjoyment.",1,False
UnexpectedFO4,UnexpectedFO4,3,,3,False
liltrashtest,Lone Echo + Echo Arena,8,"What are you doing here, silly billy.",8,False
mckitkat99,mckitkat99,2,"reserved for mckitkat99

Is that you? You can request ownership [here](https://www.reddit.com/message/compose?to=%2Fr%2Fgonewild).",2,True
DammitJimmy,Dammit Jimmy!,1,A community dedicated to expressing your frustration for the actions Jimmy is responsible for (Like 9/11),1,False
BabesInWhitePants,Pics and gifs of Babes in White Pants,984,Pics and gifs of Babes in White Pants,984,True
VinceCable,Vince Cable MP,0,"fuck me

why",0,False
Entrepreneur_Radio,"Start Your Business, Run It Your Way and Grow It.",2,"Podcasts to motivate, inspire and educate you to achieving your dreams by starting your own business, running it your way and growing it.",2,False
michaelmooreorlesiban,Michael Moore? or Lesbian?,1,,1,False
AutumnFallStudios,AutumnFallStudios,2,Home of AutumnFall Studios,2,False
RhaastAndKaynMains,Rhaast and Kayn Mains,14,Welcome! This will be the Rhaast and Kayn mains reddit when they're released.,14,False
bladesmc,a test sub for u/bladesmc and his developing habits,1,feel free to check out what the bots are doing.,1,False
mathpunk,Math Punk: Math Rock with Punk Rock Pizzazz ,32,"Math Rock: a style of rock music characterized by complex rhythmic and instrumental patterns

Punk Rock: a loud, fast-moving, and aggressive form of rock music, popular in the late 1970s and early 1980s.

Math Punk: Loud, fast-moving, and aggressive form of rock music, characterized by complex rhythmic and instrumental patterns
",32,False
PublicUtilities,"Utilities and Energy - For Discussions of Electric, Natural Gas, Water, Sewer and Telecom Utilities",6,"A subreddit to discuss news, technology, and jobs within the public utility and energy sectors. ",6,False
DoodlyPoops,Steve'sWritingEmporiumFunHouse,1,"Riveting tales, grasping novels and fan fics written by Steve, and other fans",1,False
newchertia,Chertia,15,,15,False
SurveillanceValley,Surveillance Capitalism: Critical Discussion & News,2,"Surveillance Capitalism is the monetization of data acquired through surveillance. It is the business model invented at Google, and used by Facebook and countless others in ~~Silicon~~ Surveillance Valley. It is a threat to core values such as freedom and privacy.",2,False
Michael_Confoy_Sucks,Michael Confoy Sucks,1,A subreddit about why Michael Confoy sucks.,1,False
hesrthstone,The official Hesrthstone subreddit,3,,3,False
Synqq,"Synqq, your voice & ideas Not gone with the wind",0,"Tailoring to productivity, customer needs and feedback.",0,False
HOW2HACK2017,how to hack,1,how to hack 2017,1,False
joeyb,JoeyB: Your Destination For Everything Joey Bada$$ (Joey Badass),19,"This is a fanpage for New York rapper Joey Bada$$. Welcome! Any help improving the subreddit, such as CSS or professional moderation would be very much appreciated!",19,False
Beast_Mode,Beast Mode,2,Outlet for posting people who go absolutely beast mode.,2,False
VideoCardz,Home of graphics cards,2,,2,False
skincancer,Skin Cancer Awareness & Survivors,90,"Skin cancer is now the most common cancer. Time to take action as a community. Here you will find insights and tips, studies, breakthroughs and survivor stories. 

/r/skincancer is supported by SkinVision, the leading app for early skin cancer detection.",90,False
motorcyclecamping,Motorcycle Camping,46,motorcycle camping,46,False
The_Condor,The Condor Blog,4,I wanted to make a blog so I did. Boom. ,4,True
BuyUcoin,India's first cryptocurrency wallet and exchange platform,95,"BuyUcoin is India's market leader in Cryptocurrency landscape. We provide the simplest and trusted platform to trade, store, use and accept cryptocurrencies like Bitcoin, Ethereum etc.

With over 30,000+ customers that vouch for the ease with which BuyUcoin enables cryptocurrency activities, we are on a mission ""To bring cryptocurrencies in your pockets.""",95,False
unexpectedmilhouse,for when it suddenly turns up Milhouse,3,Post links to unexpected comments about Milhouse,3,False
PerkyTeenTits,PerkyTeenTits,2,"reserved for PerkyTeenTits

Is that you? You can request ownership [here](https://www.reddit.com/message/compose?to=%2Fr%2Fgonewild).",2,True
SuccessFromFailure,Success From Failure,1,Inspiration for entrepreneurs and startup founders.,1,False
TerribleReddit,Worst of Reddit posts,1,"Terrible /r/funny post? Shit on it here!
Terrible /r/pics post? Tell everyone here!
Anything you hate on this website can be told here, subreddit, post, anything!",1,False
SegredosDaVovo,A cada dia um novo segredo será revelado,1,Sub oficial do blog Segredos Da Vovó,1,False
fate_tamamo,Fate Series Tamamo/Caster,116,MOVED TO r/Tamamo,116,False
TheGroverCleveland,President Grover Cleveland,1,"The greatest president of the United States. Fun Facts include:
His daughter is the namesake for the Baby Ruth candy bar
He owned a yacht on New York City's East River where he had a tumor removed
He's a Presbyterian
He is the only president elected in two non-consecutive terms...
",1,False
FuckuDonald,Fuck U Donald- Cause we can,59,Fuck U Donald,59,False
MarvelDCComicsLatino,Informacion del mundo de Marvel y DC Comics (español),7, Aquí encontraras toda la información y todo lo relacionado con EL UNIVERSO MARVEL Y MUNDO COMIC,7,False
the_ballard,The Ballard!,1,,1,False
NoticiasGeekTV,NGTV: Dosis diaria de informacion de Peliculas y TV Shows,21,Aquí puedes discutir sobre el todo lo que pasa en el mundo de Marvel y DC Comics en tu idioma (español),21,False
ConsoleYoutubers,Console Youtubers!,1,"A place for console Youtubers to come together and share their channels, videos, collaborate with one another, or whatever needs they may have!",1,False
anonymouss,anonymous,2,anonymous,2,False
hornyatm1,hornyatm1,2,"reserved for hornyatm1

Is that you? You can request ownership [here](https://www.reddit.com/message/compose?to=%2Fr%2Fgonewild).",2,True
secretcities,Ethereum Based Events Platform,4,"Ethereum-based events + knowledge platform that financially incentivizes users to contribute + engage. 
",4,False
Prabhakaran,Velupillai Prabhakaran,1,"A community for discussing anything related to Prabhakaran, who once led the LTTE. Discussion on controversial topics are allowed; however, hate speech will result in a ban.",1,False
monksofdoom,Monks of Doom,2,"A group dedicated to the American alternative rock band Monks of Doom, made up of Victor Krummenacher, Greg Lisher, Chris Pedersen, & David Immerglück.",2,False
AIOps,AIOps,6,"AIOps platform technologies comprise of multiple layers that address data collection, storage, analytical engines and visualization. They enable integration with other applications via application programming interfaces (APIs) allowing for a vendor-agnostic data ingestion capability. AIOps platforms can thus seamlessly interact with IT operations management (ITOM) toolsets because of the ability to deal with data from any tool irrespective of the data type.",6,False
ModelWashPost,ModelWashingtonPost,0,,0,False
